pais,fecha,fuente,mercado,ciudad,segmento,categoria,subcategoria,producto,producto_norm,variedad,calidad,tamano,origen,unidad_venta,unidad_tipo,cantidad_lb,moneda,precio_min,precio_max,precio_moda,precio_prom,precio_ref,precio_lb_local,tc_usd,precio_ref_usd,precio_lb_usd,url_fuente,reporte_id,capturado_en,hash
Guatemala,2026-09-09,MAGA,La Terminal,Ciudad de Guatemala,mayorista,carnes,,"Bovino en canal, de primera","bovino en canal, de primera",,de primera,,,Libra,libra,1.0,GTQ,23.5,23.5,,,23.5,23.5,7.633975,3.0783,3.078344,https://precios.maga.gob.gt/diarios/diarios.html,,2026-09-10T16:49:07,f5202ce921188414
Guatemala,2026-09-09,MAGA,La Terminal,Ciudad de Guatemala,mayorista,carnes,,"Cuadril y Pierna de pollo, de primera","cuadril y pierna de pollo, de primera",,de primera,,,Libra,libra,1.0,GTQ,7.5,7.5,,,7.5,7.5,7.633975,0.9825,0.98245,https://precios.maga.gob.gt/diarios/diarios.html,,2026-09-10T16:49:07,cb146f5866892b54
Guatemala,2026-09-09,MAGA,La Terminal,Ciudad de Guatemala,mayorista,carnes,,"Pechuga de pollo, con ala, de primera","pechuga de pollo, con ala, de primera",,de primera,,,Libra,libra,1.0,GTQ,16.5,16.5,,,16.5,16.5,7.633975,2.1614,2.16139,https://precios.maga.gob.gt/diarios/diarios.html,,2026-09-10T16:49:07,8750f5e6f48b13a5
Guatemala,2026-09-09,MAGA,La Terminal,Ciudad de Guatemala,mayorista,carnes,,"Pechuga de pollo, de primera","pechuga de pollo, de primera",,de primera,,,Libra,libra,1.0,GTQ,27.0,27.0,,,27.0,27.0,7.633975,3.5368,3.536821,https://precios.maga.gob.gt/diarios/diarios.html,,2026-09-10T16:49:07,7dbb4612639314c0
Guatemala,2026-09-09,MAGA,La Terminal,Ciudad de Guatemala,mayorista,carnes,,"Pollo entero, sin menudos, de primera","pollo entero, sin menudos, de primera",,de primera,,,Libra,libra,1.0,GTQ,14.5,14.5,,,14.5,14.5,7.633975,1.8994,1.899404,https://precios.maga.gob.gt/diarios/diarios.html,,2026-09-10T16:49:07,352541d252226088
Guatemala,2026-09-09,MAGA,La Terminal,Ciudad de Guatemala,mayorista,carnes,,Pollo importado (piezas),pollo importado (piezas),,,,,Caja (40 lb),caja,40.0,GTQ,255.0,255.0,,,255.0,6.375,7.633975,33.4033,0.835083,https://precios.maga.gob.gt/diarios/diarios.html,,2026-09-10T16:49:07,33cb607b75feb640
Guatemala,2026-09-09,MAGA,La Terminal,Ciudad de Guatemala,mayorista,carnes,,Porcino en canal,porcino en canal,,,,,Libra,libra,1.0,GTQ,16.0,16.0,,,16.0,16.0,7.633975,2.0959,2.095894,https://precios.maga.gob.gt/diarios/diarios.html,,2026-09-10T16:49:07,5fdb235bb76bafdf
Guatemala,2026-09-09,MAGA,La Terminal,Ciudad de Guatemala,mayorista,frutas,,"Aguacate Booth, grande, de primera","aguacate booth, grande, de primera",,de primera,grande,,Ciento,ciento,,GTQ,250.0,250.0,,,250.0,,7.633975,32.7483,,https://precios.maga.gob.gt/diarios/diarios.html,,2026-09-10T16:49:07,7ae599707cdf60ac
Guatemala,2026-09-09,MAGA,La Terminal,Ciudad de Guatemala,mayorista,frutas,,"Aguacate Hass, mediano, de primera","aguacate hass, mediano, de primera",,de primera,mediano,,Ciento,ciento,,GTQ,337.5,337.5,,,337.5,,7.633975,44.2103,,https://precios.maga.gob.gt/diarios/diarios.html,,2026-09-10T16:49:07,a26efa14fa6eaebf
Guatemala,2026-09-09,MAGA,La Terminal,Ciudad de Guatemala,mayorista,frutas,,"Aguacate Hass, mediano, de primera, importado","aguacate hass, mediano, de primera, importado",,de primera,mediano,,Caja (35 - 40 unidades),caja,,GTQ,130.0,130.0,,,130.0,,7.633975,17.0291,,https://precios.maga.gob.gt/diarios/diarios.html,,2026-09-10T16:49:07,983f6114e40c7fab
Guatemala,2026-09-09,MAGA,La Terminal,Ciudad de Guatemala,mayorista,frutas,,"Aguacate criollo, grande, de primera","aguacate criollo, grande, de primera",,de primera,grande,,Ciento,ciento,,GTQ,500.0,500.0,,,500.0,,7.633975,65.4967,,https://precios.maga.gob.gt/diarios/diarios.html,,2026-09-10T16:49:07,9426abc97edce675
Guatemala,2026-09-09,MAGA,La Terminal,Ciudad de Guatemala,mayorista,frutas,,"Aguacate criollo, mediano, de primerq","aguacate criollo, mediano, de primerq",,,mediano,,Ciento,ciento,,GTQ,350.0,350.0,,,350.0,,7.633975,45.8477,,https://precios.maga.gob.gt/diarios/diarios.html,,2026-09-10T16:49:07,4a3c00a18c6d6d89
Guatemala,2026-09-09,MAGA,La Terminal,Ciudad de Guatemala,mayorista,frutas,,"Banano criollo, mediano, de primera","banano criollo, mediano, de primera",,de primera,mediano,,Quintal,quintal,100.0,GTQ,175.0,175.0,,,175.0,1.75,7.633975,22.9238,0.229238,https://precios.maga.gob.gt/diarios/diarios.html,,2026-09-10T16:49:07,fa80f11d8aa849e6
Guatemala,2026-09-09,MAGA,La Terminal,Ciudad de Guatemala,mayorista,frutas,,"Banano de exportación, mediano, de primera","banano de exportacion, mediano, de primera",,de primera,mediano,,Caja (100 - 105 unidades),caja,,GTQ,65.0,65.0,,,65.0,,7.633975,8.5146,,https://precios.maga.gob.gt/diarios/diarios.html,,2026-09-10T16:49:07,2f4001203dd04038
Guatemala,2026-09-09,MAGA,La Terminal,Ciudad de Guatemala,mayorista,frutas,,"Coco verde, mediano, de primera","coco verde, mediano, de primera",,de primera,mediano,,Ciento,ciento,,GTQ,600.0,600.0,,,600.0,,7.633975,78.596,,https://precios.maga.gob.gt/diarios/diarios.html,,2026-09-10T16:49:07,3518ac4ba0306e31
Guatemala,2026-09-09,MAGA,La Terminal,Ciudad de Guatemala,mayorista,frutas,,"Fresa mediana, de primera","fresa mediana, de primera",,de primera,,,Caja (35 - 40 lb),caja,37.5,GTQ,250.0,250.0,,,250.0,6.6667,7.633975,32.7483,0.873293,https://precios.maga.gob.gt/diarios/diarios.html,,2026-09-10T16:49:07,27823351626a07fc
Guatemala,2026-09-09,MAGA,La Terminal,Ciudad de Guatemala,mayorista,frutas,,"Jocote de Corona, grande, de primera","jocote de corona, grande, de primera",,de primera,grande,,Ciento,ciento,,GTQ,110.0,110.0,,,110.0,,7.633975,14.4093,,https://precios.maga.gob.gt/diarios/diarios.html,,2026-09-10T16:49:07,e9aa064fff1711f0
Guatemala,2026-09-09,MAGA,La Terminal,Ciudad de Guatemala,mayorista,frutas,,"Limón Persa, mediano, de primera","limon persa, mediano, de primera",,de primera,mediano,,Millar,,,GTQ,400.0,400.0,,,400.0,,7.633975,52.3973,,https://precios.maga.gob.gt/diarios/diarios.html,,2026-09-10T16:49:07,23df61ed5b32ad60
Guatemala,2026-09-09,MAGA,La Terminal,Ciudad de Guatemala,mayorista,frutas,,"Limón criollo, mediano, de primera","limon criollo, mediano, de primera",,de primera,mediano,,Millar,,,GTQ,200.0,200.0,,,200.0,,7.633975,26.1987,,https://precios.maga.gob.gt/diarios/diarios.html,,2026-09-10T16:49:07,9668bc875fdbd9c7
Guatemala,2026-09-09,MAGA,La Terminal,Ciudad de Guatemala,mayorista,frutas,,"Melón Harper,mediano de primera","melon harper,mediano de primera",,de primera,mediano,,Ciento,ciento,,GTQ,900.0,900.0,,,900.0,,7.633975,117.894,,https://precios.maga.gob.gt/diarios/diarios.html,,2026-09-10T16:49:07,2623c99786180814
Guatemala,2026-09-09,MAGA,La Terminal,Ciudad de Guatemala,mayorista,frutas,,"Mora mediana, de primera","mora mediana, de primera",,de primera,,,Caja (34 - 38 lb),caja,36.0,GTQ,150.0,150.0,,,150.0,4.1667,7.633975,19.649,0.54581,https://precios.maga.gob.gt/diarios/diarios.html,,2026-09-10T16:49:07,83810fc7508e48f1
Guatemala,2026-09-09,MAGA,La Terminal,Ciudad de Guatemala,mayorista,frutas,,"Naranja Valencia, mediana, de primera","naranja valencia, mediana, de primera",,de primera,,,Ciento,ciento,,GTQ,140.0,140.0,,,140.0,,7.633975,18.3391,,https://precios.maga.gob.gt/diarios/diarios.html,,2026-09-10T16:49:07,e3582efb5c7b2acd
Guatemala,2026-09-09,MAGA,La Terminal,Ciudad de Guatemala,mayorista,frutas,,"Papaya Tainung, mediana, de primera","papaya tainung, mediana, de primera",,de primera,,,Caja (12 - 13 unidades),caja,,GTQ,170.0,170.0,,,170.0,,7.633975,22.2689,,https://precios.maga.gob.gt/diarios/diarios.html,,2026-09-10T16:49:07,14bc781f484c041b
Guatemala,2026-09-09,MAGA,La Terminal,Ciudad de Guatemala,mayorista,frutas,,"Piña mediana, de primera","pina mediana, de primera",,de primera,,,Ciento,ciento,,GTQ,775.0,775.0,,,775.0,,7.633975,101.5199,,https://precios.maga.gob.gt/diarios/diarios.html,,2026-09-10T16:49:07,bbabaa2b61ec48eb
Guatemala,2026-09-09,MAGA,La Terminal,Ciudad de Guatemala,mayorista,frutas,,"Plátano grande, de primera","platano grande, de primera",,de primera,grande,,Ciento,ciento,,GTQ,235.0,235.0,,,235.0,,7.633975,30.7834,,https://precios.maga.gob.gt/diarios/diarios.html,,2026-09-10T16:49:07,f1f8cf61da251b15
Guatemala,2026-09-09,MAGA,La Terminal,Ciudad de Guatemala,mayorista,frutas,,"Plátano mediano, de primera","platano mediano, de primera",,de primera,mediano,,Ciento,ciento,,GTQ,200.0,200.0,,,200.0,,7.633975,26.1987,,https://precios.maga.gob.gt/diarios/diarios.html,,2026-09-10T16:49:07,9781ce2f0c758fe6
Guatemala,2026-09-09,MAGA,La Terminal,Ciudad de Guatemala,mayorista,frutas,,"Rambután mediano, de primera","rambutan mediano, de primera",,de primera,mediano,,Ciento,ciento,,GTQ,20.0,20.0,,,20.0,,7.633975,2.6199,,https://precios.maga.gob.gt/diarios/diarios.html,,2026-09-10T16:49:07,7515bb4f860ecf9f
Guatemala,2026-09-09,MAGA,La Terminal,Ciudad de Guatemala,mayorista,frutas,,"Sandia redonda, mediana, de primera","sandia redonda, mediana, de primera",,de primera,,,Ciento,ciento,,GTQ,1500.0,1500.0,,,1500.0,,7.633975,196.49,,https://precios.maga.gob.gt/diarios/diarios.html,,2026-09-10T16:49:07,6a044c753001723f
Guatemala,2026-09-09,MAGA,La Terminal,Ciudad de Guatemala,mayorista,frutas,,"Uva roja, importada, de primera","uva roja, importada, de primera",,de primera,,,Caja (22 lb),caja,22.0,GTQ,428.0,428.0,,,428.0,19.4545,7.633975,56.0652,2.54841,https://precios.maga.gob.gt/diarios/diarios.html,,2026-09-10T16:49:07,601f75f0c9f8d3e0
Guatemala,2026-09-09,MAGA,La Terminal,Ciudad de Guatemala,mayorista,frutas,,"Zapote mediano, de primera","zapote mediano, de primera",,de primera,mediano,,Ciento,ciento,,GTQ,325.0,325.0,,,325.0,,7.633975,42.5728,,https://precios.maga.gob.gt/diarios/diarios.html,,2026-09-10T16:49:07,d6164d96a25acd1e
Guatemala,2026-09-09,MAGA,La Terminal,Ciudad de Guatemala,mayorista,granos,,"Arroz oro, blanco de primera","arroz oro, blanco de primera",,de primera,,,Quintal,quintal,100.0,GTQ,450.0,450.0,,,450.0,4.5,7.633975,58.947,0.58947,https://precios.maga.gob.gt/diarios/diarios.html,,2026-09-10T16:49:07,c45841a25dedad85
Guatemala,2026-09-09,MAGA,La Terminal,Ciudad de Guatemala,mayorista,granos,,"Arroz oro, blanco de segunda","arroz oro, blanco de segunda",,de segunda,,,Quintal,quintal,100.0,GTQ,420.0,420.0,,,420.0,4.2,7.633975,55.0172,0.550172,https://precios.maga.gob.gt/diarios/diarios.html,,2026-09-10T16:49:07,4300bef8de71fd14
Guatemala,2026-09-09,MAGA,La Terminal,Ciudad de Guatemala,mayorista,granos,,"Arveja china, revuelta, de primera","arveja china, revuelta, de primera",,de primera,,,Costal (40 lb),costal,40.0,GTQ,250.0,250.0,,,250.0,6.25,7.633975,32.7483,0.818708,https://precios.maga.gob.gt/diarios/diarios.html,,2026-09-10T16:49:07,6400217f24adb446
Guatemala,2026-09-09,MAGA,La Terminal,Ciudad de Guatemala,mayorista,granos,,Arveja dulce en grano,arveja dulce en grano,,,,,Arroba,arroba,25.0,GTQ,412.5,412.5,,,412.5,16.5,7.633975,54.0348,2.16139,https://precios.maga.gob.gt/diarios/diarios.html,,2026-09-10T16:49:07,da64bc6b8ef1f9df
Guatemala,2026-09-09,MAGA,La Terminal,Ciudad de Guatemala,mayorista,granos,,"Frijol blanco, de primera","frijol blanco, de primera",,de primera,,,Quintal,quintal,100.0,GTQ,1100.0,1100.0,,,1100.0,11.0,7.633975,144.0927,1.440927,https://precios.maga.gob.gt/diarios/diarios.html,,2026-09-10T16:49:07,266b2337824c13e1
Guatemala,2026-09-09,MAGA,La Terminal,Ciudad de Guatemala,mayorista,granos,,"Frijol blanco, de segunda","frijol blanco, de segunda",,de segunda,,,Quintal,quintal,100.0,GTQ,1000.0,1000.0,,,1000.0,10.0,7.633975,130.9934,1.309934,https://precios.maga.gob.gt/diarios/diarios.html,,2026-09-10T16:49:07,6b76e833945b192a
Guatemala,2026-09-09,MAGA,La Terminal,Ciudad de Guatemala,mayorista,granos,,"Frijol negro, de primera","frijol negro, de primera",,de primera,,,Quintal,quintal,100.0,GTQ,600.0,600.0,,,600.0,6.0,7.633975,78.596,0.78596,https://precios.maga.gob.gt/diarios/diarios.html,,2026-09-10T16:49:07,ef1d537d9b3ac2dd
Guatemala,2026-09-09,MAGA,La Terminal,Ciudad de Guatemala,mayorista,granos,,"Frijol negro, de primera, importado","frijol negro, de primera, importado",,de primera,,,Quintal,quintal,100.0,GTQ,470.0,470.0,,,470.0,4.7,7.633975,61.5669,0.615669,https://precios.maga.gob.gt/diarios/diarios.html,,2026-09-10T16:49:07,3565679b37752eaf
Guatemala,2026-09-09,MAGA,La Terminal,Ciudad de Guatemala,mayorista,granos,,"Frijol negro, de segunda","frijol negro, de segunda",,de segunda,,,Quintal,quintal,100.0,GTQ,500.0,500.0,,,500.0,5.0,7.633975,65.4967,0.654967,https://precios.maga.gob.gt/diarios/diarios.html,,2026-09-10T16:49:07,0e53a66a46304d42
Guatemala,2026-09-09,MAGA,La Terminal,Ciudad de Guatemala,mayorista,granos,,"Frijol rojo, de primera","frijol rojo, de primera",,de primera,,,Quintal,quintal,100.0,GTQ,700.0,700.0,,,700.0,7.0,7.633975,91.6953,0.916953,https://precios.maga.gob.gt/diarios/diarios.html,,2026-09-10T16:49:07,fb64285cc5701f9c
Guatemala,2026-09-09,MAGA,La Terminal,Ciudad de Guatemala,mayorista,granos,,"Frijol rojo, de segunda","frijol rojo, de segunda",,de segunda,,,Quintal,quintal,100.0,GTQ,650.0,650.0,,,650.0,6.5,7.633975,85.1457,0.851457,https://precios.maga.gob.gt/diarios/diarios.html,,2026-09-10T16:49:07,840797302fe8659d
Guatemala,2026-09-09,MAGA,La Terminal,Ciudad de Guatemala,mayorista,granos,,"Maíz amarillo, de primera","maiz amarillo, de primera",,de primera,,,Quintal,quintal,100.0,GTQ,210.0,210.0,,,210.0,2.1,7.633975,27.5086,0.275086,https://precios.maga.gob.gt/diarios/diarios.html,,2026-09-10T16:49:07,e512b1369457cb8d
Guatemala,2026-09-09,MAGA,La Terminal,Ciudad de Guatemala,mayorista,granos,,"Maíz amarillo, de primera,otros orígenes","maiz amarillo, de primera,otros origenes",,de primera,,,Quintal,quintal,100.0,GTQ,210.0,210.0,,,210.0,2.1,7.633975,27.5086,0.275086,https://precios.maga.gob.gt/diarios/diarios.html,,2026-09-10T16:49:07,fb3be989c2a21536
Guatemala,2026-09-09,MAGA,La Terminal,Ciudad de Guatemala,mayorista,granos,,"Maíz amarillo, de segunda","maiz amarillo, de segunda",,de segunda,,,Quintal,quintal,100.0,GTQ,200.0,200.0,,,200.0,2.0,7.633975,26.1987,0.261987,https://precios.maga.gob.gt/diarios/diarios.html,,2026-09-10T16:49:07,e17c92b0d87fe684
Guatemala,2026-09-09,MAGA,La Terminal,Ciudad de Guatemala,mayorista,granos,,"Maíz blanco, de primera","maiz blanco, de primera",,de primera,,,Quintal,quintal,100.0,GTQ,280.0,280.0,,,280.0,2.8,7.633975,36.6781,0.366781,https://precios.maga.gob.gt/diarios/diarios.html,,2026-09-10T16:49:07,3138863294067bd5
Guatemala,2026-09-09,MAGA,La Terminal,Ciudad de Guatemala,mayorista,granos,,"Maíz blanco, de primera, otros orígenes","maiz blanco, de primera, otros origenes",,de primera,,,Quintal,quintal,100.0,GTQ,280.0,280.0,,,280.0,2.8,7.633975,36.6781,0.366781,https://precios.maga.gob.gt/diarios/diarios.html,,2026-09-10T16:49:07,dec0ebe4c084651b
Guatemala,2026-09-09,MAGA,La Terminal,Ciudad de Guatemala,mayorista,granos,,"Maíz blanco, de segunda","maiz blanco, de segunda",,de segunda,,,Quintal,quintal,100.0,GTQ,265.0,265.0,,,265.0,2.65,7.633975,34.7132,0.347132,https://precios.maga.gob.gt/diarios/diarios.html,,2026-09-10T16:49:07,ebcb3d6453a45d25
Guatemala,2026-09-09,MAGA,La Terminal,Ciudad de Guatemala,mayorista,granos,,"Sorgo blanco, de primera","sorgo blanco, de primera",,de primera,,,Quintal,quintal,100.0,GTQ,300.0,300.0,,,300.0,3.0,7.633975,39.298,0.39298,https://precios.maga.gob.gt/diarios/diarios.html,,2026-09-10T16:49:07,ee67a5c078cc3041
Guatemala,2026-09-09,MAGA,La Terminal,Ciudad de Guatemala,mayorista,hortalizas,,"Ajo blanco, mediano, de primera","ajo blanco, mediano, de primera",,de primera,mediano,,Mazo (20 trenzas),mazo,,GTQ,130.0,130.0,,,130.0,,7.633975,17.0291,,https://precios.maga.gob.gt/diarios/diarios.html,,2026-09-10T16:49:07,a74aef92238bdaca
Guatemala,2026-09-09,MAGA,La Terminal,Ciudad de Guatemala,mayorista,hortalizas,,"Apio grande, de primera","apio grande, de primera",,de primera,grande,,Caja (15 - 20 unidades),caja,,GTQ,75.0,75.0,,,75.0,,7.633975,9.8245,,https://precios.maga.gob.gt/diarios/diarios.html,,2026-09-10T16:49:07,06325edc41b5de75
Guatemala,2026-09-09,MAGA,La Terminal,Ciudad de Guatemala,mayorista,hortalizas,,"Apio mediano, de primera","apio mediano, de primera",,de primera,mediano,,Docena,docena,,GTQ,32.5,32.5,,,32.5,,7.633975,4.2573,,https://precios.maga.gob.gt/diarios/diarios.html,,2026-09-10T16:49:07,905763f6958bdf68
Guatemala,2026-09-09,MAGA,La Terminal,Ciudad de Guatemala,mayorista,hortalizas,,"Brócoli mediano, de primera","brocoli mediano, de primera",,de primera,mediano,,Bolsa (2 docenas),bolsa,,GTQ,190.0,190.0,,,190.0,,7.633975,24.8887,,https://precios.maga.gob.gt/diarios/diarios.html,,2026-09-10T16:49:07,5b1fb81321f951dd
Guatemala,2026-09-09,MAGA,La Terminal,Ciudad de Guatemala,mayorista,hortalizas,,"Camote, de primera","camote, de primera",,de primera,,,Saco (40 lb),saco,40.0,GTQ,165.0,165.0,,,165.0,4.125,7.633975,21.6139,0.540348,https://precios.maga.gob.gt/diarios/diarios.html,,2026-09-10T16:49:07,d7ba148a264b7d32
Guatemala,2026-09-09,MAGA,La Terminal,Ciudad de Guatemala,mayorista,hortalizas,,"Cebolla con tallo, blanca, mediana, de primera","cebolla con tallo, blanca, mediana, de primera",,de primera,,,Manojo (50 unidades),manojo,,GTQ,105.0,105.0,,,105.0,,7.633975,13.7543,,https://precios.maga.gob.gt/diarios/diarios.html,,2026-09-10T16:49:07,a2ee5fcc8a27af5b
Guatemala,2026-09-09,MAGA,La Terminal,Ciudad de Guatemala,mayorista,hortalizas,,"Cebolla seca, amarilla, mediana, de primera","cebolla seca, amarilla, mediana, de primera",,de primera,,,Quintal,quintal,100.0,GTQ,340.0,340.0,,,340.0,3.4,7.633975,44.5377,0.445377,https://precios.maga.gob.gt/diarios/diarios.html,,2026-09-10T16:49:07,6f2a519dc63e559e
Guatemala,2026-09-09,MAGA,La Terminal,Ciudad de Guatemala,mayorista,hortalizas,,"Cebolla seca, blanca, mediana, de primera, importada","cebolla seca, blanca, mediana, de primera, importada",,de primera,,,Quintal,quintal,100.0,GTQ,710.0,710.0,,,710.0,7.1,7.633975,93.0053,0.930053,https://precios.maga.gob.gt/diarios/diarios.html,,2026-09-10T16:49:07,58ea13f842f761d5
Guatemala,2026-09-09,MAGA,La Terminal,Ciudad de Guatemala,mayorista,hortalizas,,"Cebolla seca, blanca, mediana, de segunda","cebolla seca, blanca, mediana, de segunda",,de segunda,,,Quintal,quintal,100.0,GTQ,510.0,510.0,,,510.0,5.1,7.633975,66.8066,0.668066,https://precios.maga.gob.gt/diarios/diarios.html,,2026-09-10T16:49:07,85b98baf2390106a
Guatemala,2026-09-09,MAGA,La Terminal,Ciudad de Guatemala,mayorista,hortalizas,,"Cebolla seca, blanca, mediana, de segunda, importada","cebolla seca, blanca, mediana, de segunda, importada",,de segunda,,,Quintal,quintal,100.0,GTQ,525.0,525.0,,,525.0,5.25,7.633975,68.7715,0.687715,https://precios.maga.gob.gt/diarios/diarios.html,,2026-09-10T16:49:07,6cc10f5d4f50a7d1
Guatemala,2026-09-09,MAGA,La Terminal,Ciudad de Guatemala,mayorista,hortalizas,,"Cebolla seca, morada, mediana, de primera","cebolla seca, morada, mediana, de primera",,de primera,,,Quintal,quintal,100.0,GTQ,540.0,540.0,,,540.0,5.4,7.633975,70.7364,0.707364,https://precios.maga.gob.gt/diarios/diarios.html,,2026-09-10T16:49:07,d70cb8fafdb68680
Guatemala,2026-09-09,MAGA,La Terminal,Ciudad de Guatemala,mayorista,hortalizas,,"Cebolla seca, morada, mediana, de primera, importada","cebolla seca, morada, mediana, de primera, importada",,de primera,,,Quintal,quintal,100.0,GTQ,610.0,610.0,,,610.0,6.1,7.633975,79.9059,0.799059,https://precios.maga.gob.gt/diarios/diarios.html,,2026-09-10T16:49:07,a8ce90ee6531084a
Guatemala,2026-09-09,MAGA,La Terminal,Ciudad de Guatemala,mayorista,hortalizas,,"Chile Jalapeño, grande, de primera","chile jalapeno, grande, de primera",,de primera,grande,,Costal (35 - 40 lb),costal,37.5,GTQ,240.0,240.0,,,240.0,6.4,7.633975,31.4384,0.838357,https://precios.maga.gob.gt/diarios/diarios.html,,2026-09-10T16:49:07,df2b3e9951d3ad5a
Guatemala,2026-09-09,MAGA,La Terminal,Ciudad de Guatemala,mayorista,hortalizas,,"Chile Jalapeño, mediano, de primera","chile jalapeno, mediano, de primera",,de primera,mediano,,Costal (35 - 40 lb),costal,37.5,GTQ,205.0,205.0,,,205.0,5.4667,7.633975,26.8536,0.716101,https://precios.maga.gob.gt/diarios/diarios.html,,2026-09-10T16:49:07,dd5a28b8cb778595
Guatemala,2026-09-09,MAGA,La Terminal,Ciudad de Guatemala,mayorista,hortalizas,,"Chile Pimiento, grande, de primera","chile pimiento, grande, de primera",,de primera,grande,,Caja (70 - 80 unidades),caja,,GTQ,125.0,125.0,,,125.0,,7.633975,16.3742,,https://precios.maga.gob.gt/diarios/diarios.html,,2026-09-10T16:49:07,9e81ce0cf912bb5c
Guatemala,2026-09-09,MAGA,La Terminal,Ciudad de Guatemala,mayorista,hortalizas,,"Chile Pimiento, mediano, de primera","chile pimiento, mediano, de primera",,de primera,mediano,,Caja (100 - 150 unidades),caja,,GTQ,105.0,105.0,,,105.0,,7.633975,13.7543,,https://precios.maga.gob.gt/diarios/diarios.html,,2026-09-10T16:49:07,ad60dde2340753da
Guatemala,2026-09-09,MAGA,La Terminal,Ciudad de Guatemala,mayorista,hortalizas,,Cilantro de primera,cilantro de primera,,de primera,,,Red (100 manojos),red,,GTQ,800.0,800.0,,,800.0,,7.633975,104.7947,,https://precios.maga.gob.gt/diarios/diarios.html,,2026-09-10T16:49:07,fd03fb52db1526b7
Guatemala,2026-09-09,MAGA,La Terminal,Ciudad de Guatemala,mayorista,hortalizas,,"Coliflor mediana, de primera","coliflor mediana, de primera",,de primera,,,Bolsa (12 unidades),bolsa,,GTQ,120.0,120.0,,,120.0,,7.633975,15.7192,,https://precios.maga.gob.gt/diarios/diarios.html,,2026-09-10T16:49:07,481229594e8918ce
Guatemala,2026-09-09,MAGA,La Terminal,Ciudad de Guatemala,mayorista,hortalizas,,Ejote Chino,ejote chino,,,,,Costal (40 lb),costal,40.0,GTQ,310.0,310.0,,,310.0,7.75,7.633975,40.6079,1.015199,https://precios.maga.gob.gt/diarios/diarios.html,,2026-09-10T16:49:07,af9af950efdf68ac
Guatemala,2026-09-09,MAGA,La Terminal,Ciudad de Guatemala,mayorista,hortalizas,,"Ejote francés, de primera","ejote frances, de primera",,de primera,,,Costal (40 lb),costal,40.0,GTQ,310.0,310.0,,,310.0,7.75,7.633975,40.6079,1.015199,https://precios.maga.gob.gt/diarios/diarios.html,,2026-09-10T16:49:07,f34dc4b465121c49
Guatemala,2026-09-09,MAGA,La Terminal,Ciudad de Guatemala,mayorista,hortalizas,,"Güicoy sazón, mediano, de primera","guicoy sazon, mediano, de primera",,de primera,mediano,,Red 15 a 18 unidades,red,,GTQ,190.0,190.0,,,190.0,,7.633975,24.8887,,https://precios.maga.gob.gt/diarios/diarios.html,,2026-09-10T16:49:07,37fefcc2736d9f5f
Guatemala,2026-09-09,MAGA,La Terminal,Ciudad de Guatemala,mayorista,hortalizas,,"Güisquil mediano, de primera","guisquil mediano, de primera",,de primera,mediano,,Ciento,ciento,,GTQ,185.0,185.0,,,185.0,,7.633975,24.2338,,https://precios.maga.gob.gt/diarios/diarios.html,,2026-09-10T16:49:07,737a873deeb65773
Guatemala,2026-09-09,MAGA,La Terminal,Ciudad de Guatemala,mayorista,hortalizas,,"Hierba buena, de primera","hierba buena, de primera",,de primera,,,Red (100 manojos),red,,GTQ,400.0,400.0,,,400.0,,7.633975,52.3973,,https://precios.maga.gob.gt/diarios/diarios.html,,2026-09-10T16:49:07,72da756c918aa124
Guatemala,2026-09-09,MAGA,La Terminal,Ciudad de Guatemala,mayorista,hortalizas,,"Lechuga repollada, mediana, de primera","lechuga repollada, mediana, de primera",,de primera,,,Caja (24 - 26 unidades),caja,,GTQ,70.0,70.0,,,70.0,,7.633975,9.1695,,https://precios.maga.gob.gt/diarios/diarios.html,,2026-09-10T16:49:07,b5f19ee6b79d98be
Guatemala,2026-09-09,MAGA,La Terminal,Ciudad de Guatemala,mayorista,hortalizas,,Loroco de primera,loroco de primera,,de primera,,,Quintal,quintal,100.0,GTQ,1200.0,1200.0,,,1200.0,12.0,7.633975,157.192,1.57192,https://precios.maga.gob.gt/diarios/diarios.html,,2026-09-10T16:49:07,e305e9dfa48b46c6
Guatemala,2026-09-09,MAGA,La Terminal,Ciudad de Guatemala,mayorista,hortalizas,,Malanga de primera,malanga de primera,,de primera,,,Quintal,quintal,100.0,GTQ,600.0,600.0,,,600.0,6.0,7.633975,78.596,0.78596,https://precios.maga.gob.gt/diarios/diarios.html,,2026-09-10T16:49:07,4dcc57caf8561ace
Guatemala,2026-09-09,MAGA,La Terminal,Ciudad de Guatemala,mayorista,hortalizas,,"Miltomate verde, con cascara de primera","miltomate verde, con cascara de primera",,de primera,,,Arroba,arroba,25.0,GTQ,90.0,90.0,,,90.0,3.6,7.633975,11.7894,0.471576,https://precios.maga.gob.gt/diarios/diarios.html,,2026-09-10T16:49:07,dec1c51d427fdc81
Guatemala,2026-09-09,MAGA,La Terminal,Ciudad de Guatemala,mayorista,hortalizas,,"Papa Loman, lavada, grande, de primera","papa loman, lavada, grande, de primera",,de primera,grande,,Quintal,quintal,100.0,GTQ,460.0,460.0,,,460.0,4.6,7.633975,60.2569,0.602569,https://precios.maga.gob.gt/diarios/diarios.html,,2026-09-10T16:49:07,8a9d964906125f7b
Guatemala,2026-09-09,MAGA,La Terminal,Ciudad de Guatemala,mayorista,hortalizas,,"Papa Loman, lavada, mediana, de primera","papa loman, lavada, mediana, de primera",,de primera,,,Quintal,quintal,100.0,GTQ,380.0,380.0,,,380.0,3.8,7.633975,49.7775,0.497775,https://precios.maga.gob.gt/diarios/diarios.html,,2026-09-10T16:49:07,0e345f462f8ac1a9
Guatemala,2026-09-09,MAGA,La Terminal,Ciudad de Guatemala,mayorista,hortalizas,,"Papa Loman, lavada, pequeña, de primera","papa loman, lavada, pequena, de primera",,de primera,,,Quintal,quintal,100.0,GTQ,260.0,260.0,,,260.0,2.6,7.633975,34.0583,0.340583,https://precios.maga.gob.gt/diarios/diarios.html,,2026-09-10T16:49:07,de442931ccfc8bff
Guatemala,2026-09-09,MAGA,La Terminal,Ciudad de Guatemala,mayorista,hortalizas,,"Papa redonda, lavada, grande, de primera","papa redonda, lavada, grande, de primera",,de primera,grande,,Quintal,quintal,100.0,GTQ,290.0,290.0,,,290.0,2.9,7.633975,37.9881,0.379881,https://precios.maga.gob.gt/diarios/diarios.html,,2026-09-10T16:49:07,625d6878a489d385
Guatemala,2026-09-09,MAGA,La Terminal,Ciudad de Guatemala,mayorista,hortalizas,,"Papa redonda, sin lavar, grande, de primera","papa redonda, sin lavar, grande, de primera",,de primera,grande,,Quintal,quintal,100.0,GTQ,270.0,270.0,,,270.0,2.7,7.633975,35.3682,0.353682,https://precios.maga.gob.gt/diarios/diarios.html,,2026-09-10T16:49:07,9b029451493d7ce6
Guatemala,2026-09-09,MAGA,La Terminal,Ciudad de Guatemala,mayorista,hortalizas,,"Pepino mediano, de primera","pepino mediano, de primera",,de primera,mediano,,Costal (60 - 70 unidades),costal,,GTQ,175.0,175.0,,,175.0,,7.633975,22.9238,,https://precios.maga.gob.gt/diarios/diarios.html,,2026-09-10T16:49:07,dcfe0220b2686edd
Guatemala,2026-09-09,MAGA,La Terminal,Ciudad de Guatemala,mayorista,hortalizas,,"Perulero blanco, mediano, de primera","perulero blanco, mediano, de primera",,de primera,mediano,,Costal (180 - 200 unidades),costal,,GTQ,190.0,190.0,,,190.0,,7.633975,24.8887,,https://precios.maga.gob.gt/diarios/diarios.html,,2026-09-10T16:49:07,8f49ac4a406162d7
Guatemala,2026-09-09,MAGA,La Terminal,Ciudad de Guatemala,mayorista,hortalizas,,"Remolacha, mediana, de primera","remolacha, mediana, de primera",,de primera,,,Red (4 - 5 docenas),red,,GTQ,50.0,50.0,,,50.0,,7.633975,6.5497,,https://precios.maga.gob.gt/diarios/diarios.html,,2026-09-10T16:49:07,73ef24850f759a21
Guatemala,2026-09-09,MAGA,La Terminal,Ciudad de Guatemala,mayorista,hortalizas,,"Repollo blanco, mediano","repollo blanco, mediano",,,mediano,,Red (12 - 15 unidades),red,,GTQ,190.0,190.0,,,190.0,,7.633975,24.8887,,https://precios.maga.gob.gt/diarios/diarios.html,,2026-09-10T16:49:07,6be487876e7d6827
Guatemala,2026-09-09,MAGA,La Terminal,Ciudad de Guatemala,mayorista,hortalizas,,"Rábano mediano, de primera","rabano mediano, de primera",,de primera,mediano,,Caja (200 - 250 unidades),caja,,GTQ,45.0,45.0,,,45.0,,7.633975,5.8947,,https://precios.maga.gob.gt/diarios/diarios.html,,2026-09-10T16:49:07,0a1b391b07eb18ae
Guatemala,2026-09-09,MAGA,La Terminal,Ciudad de Guatemala,mayorista,hortalizas,,"Tomate Manzano, mediano, de primera","tomate manzano, mediano, de primera",,de primera,mediano,,Caja (140 - 170 unidades),caja,,GTQ,275.0,275.0,,,275.0,,7.633975,36.0232,,https://precios.maga.gob.gt/diarios/diarios.html,,2026-09-10T16:49:07,6e785ab120ad4f03
Guatemala,2026-09-09,MAGA,La Terminal,Ciudad de Guatemala,mayorista,hortalizas,,"Tomate de cocina, grande, de primera","tomate de cocina, grande, de primera",,de primera,grande,,Caja (45 - 50 lb),caja,47.5,GTQ,260.0,260.0,,,260.0,5.4737,7.633975,34.0583,0.717018,https://precios.maga.gob.gt/diarios/diarios.html,,2026-09-10T16:49:07,afd52031ad80f9e7
Guatemala,2026-09-09,MAGA,La Terminal,Ciudad de Guatemala,mayorista,hortalizas,,"Tomate de cocina, mediano, de primera","tomate de cocina, mediano, de primera",,de primera,mediano,,Caja (45 - 50 lb),caja,47.5,GTQ,225.0,225.0,,,225.0,4.7368,7.633975,29.4735,0.620489,https://precios.maga.gob.gt/diarios/diarios.html,,2026-09-10T16:49:07,f243c9c33d882ea4
Guatemala,2026-09-09,MAGA,La Terminal,Ciudad de Guatemala,mayorista,hortalizas,,"Yuca entera, mediana, de primera","yuca entera, mediana, de primera",,de primera,,,Red (75 - 80 unidades),red,,GTQ,305.0,305.0,,,305.0,,7.633975,39.953,,https://precios.maga.gob.gt/diarios/diarios.html,,2026-09-10T16:49:07,c6bd2c3075e29088
Guatemala,2026-09-09,MAGA,La Terminal,Ciudad de Guatemala,mayorista,hortalizas,,"Zanahoria mediana, de primera","zanahoria mediana, de primera",,de primera,,,Bolsa (5 - 6 docenas),bolsa,,GTQ,60.0,60.0,,,60.0,,7.633975,7.8596,,https://precios.maga.gob.gt/diarios/diarios.html,,2026-09-10T16:49:07,c336a82c88bdceb8
Guatemala,2026-09-09,MAGA,La Terminal,Ciudad de Guatemala,mayorista,hortalizas,,"Zanahoria mediana, de primera, sin hojas","zanahoria mediana, de primera, sin hojas",,de primera,,,Bolsa (7 - 10 docenas),bolsa,,GTQ,70.0,70.0,,,70.0,,7.633975,9.1695,,https://precios.maga.gob.gt/diarios/diarios.html,,2026-09-10T16:49:07,b1390a579b7ebbd9
Guatemala,2026-09-09,MAGA,La Terminal,Ciudad de Guatemala,mayorista,huevos,,"Huevo blanco, extra","huevo blanco, extra",,,,,Caja (360 unidades),caja,,GTQ,420.0,420.0,,,420.0,,7.633975,55.0172,,https://precios.maga.gob.gt/diarios/diarios.html,,2026-09-10T16:49:07,e2095e85cd14daf6
Guatemala,2026-09-09,MAGA,La Terminal,Ciudad de Guatemala,mayorista,huevos,,"Huevo blanco, grande","huevo blanco, grande",,,grande,,Caja (360 unidades),caja,,GTQ,400.0,400.0,,,400.0,,7.633975,52.3973,,https://precios.maga.gob.gt/diarios/diarios.html,,2026-09-10T16:49:07,1d11187382f74e0b
Guatemala,2026-09-09,MAGA,La Terminal,Ciudad de Guatemala,mayorista,huevos,,"Huevo blanco, mediano","huevo blanco, mediano",,,mediano,,Caja (360 unidades),caja,,GTQ,380.0,380.0,,,380.0,,7.633975,49.7775,,https://precios.maga.gob.gt/diarios/diarios.html,,2026-09-10T16:49:07,a6216217ede1f5e3
Guatemala,2026-09-09,MAGA,La Terminal,Ciudad de Guatemala,mayorista,huevos,,"Huevo blanco, pequeño","huevo blanco, pequeno",,,pequeno,,Caja (360 unidades),caja,,GTQ,360.0,360.0,,,360.0,,7.633975,47.1576,,https://precios.maga.gob.gt/diarios/diarios.html,,2026-09-10T16:49:07,6cae1d27b64847e3
Guatemala,2026-09-09,MAGA,La Terminal,Ciudad de Guatemala,mayorista,huevos,,"Huevo rosado, grande","huevo rosado, grande",,,grande,,Caja (360 unidades),caja,,GTQ,395.0,395.0,,,395.0,,7.633975,51.7424,,https://precios.maga.gob.gt/diarios/diarios.html,,2026-09-10T16:49:07,1813ed4e504c492f
Guatemala,2026-09-09,MAGA,La Terminal,Ciudad de Guatemala,mayorista,lacteos,,Crema pura,crema pura,,,,,Litro,litro,,GTQ,43.0,43.0,,,43.0,,7.633975,5.6327,,https://precios.maga.gob.gt/diarios/diarios.html,,2026-09-10T16:49:07,0231ee885bbf824f
Guatemala,2026-09-09,MAGA,La Terminal,Ciudad de Guatemala,mayorista,lacteos,,Queso fresco,queso fresco,,,,,Libra,libra,1.0,GTQ,25.0,25.0,,,25.0,25.0,7.633975,3.2748,3.274834,https://precios.maga.gob.gt/diarios/diarios.html,,2026-09-10T16:49:07,393eaf4040d13095
Guatemala,2026-09-09,MAGA,La Terminal,Ciudad de Guatemala,mayorista,pesca,,"Bagre (Juilin), filete seco de primera","bagre (juilin), filete seco de primera",,de primera,,,Arroba,arroba,25.0,GTQ,687.5,687.5,,,687.5,27.5,7.633975,90.0579,3.602317,https://precios.maga.gob.gt/diarios/diarios.html,,2026-09-10T16:49:07,c102bb359bd93279
Guatemala,2026-09-09,MAGA,La Terminal,Ciudad de Guatemala,mayorista,pesca,,"Camarón grande, de primera con cabeza (estanque)","camaron grande, de primera con cabeza (estanque)",,de primera,grande,,Quintal,quintal,100.0,GTQ,3800.0,3800.0,,,3800.0,38.0,7.633975,497.7748,4.977748,https://precios.maga.gob.gt/diarios/diarios.html,,2026-09-10T16:49:07,206593201328f0af
Guatemala,2026-09-09,MAGA,La Terminal,Ciudad de Guatemala,mayorista,pesca,,"Camarón grande, de primera sin cabeza (estanque)","camaron grande, de primera sin cabeza (estanque)",,de primera,grande,,Quintal,quintal,100.0,GTQ,4600.0,4600.0,,,4600.0,46.0,7.633975,602.5694,6.025694,https://precios.maga.gob.gt/diarios/diarios.html,,2026-09-10T16:49:07,aa8b192c11ad1a69
Guatemala,2026-09-09,MAGA,La Terminal,Ciudad de Guatemala,mayorista,pesca,,"Camarón mediano, de primera con cabeza (estanque)","camaron mediano, de primera con cabeza (estanque)",,de primera,mediano,,Quintal,quintal,100.0,GTQ,3100.0,3100.0,,,3100.0,31.0,7.633975,406.0794,4.060794,https://precios.maga.gob.gt/diarios/diarios.html,,2026-09-10T16:49:07,cede3664fac3d08a
Guatemala,2026-09-09,MAGA,La Terminal,Ciudad de Guatemala,mayorista,pesca,,"Camarón mediano, de primera sin cabeza (estanque)","camaron mediano, de primera sin cabeza (estanque)",,de primera,mediano,,Quintal,quintal,100.0,GTQ,3600.0,3600.0,,,3600.0,36.0,7.633975,471.5761,4.715761,https://precios.maga.gob.gt/diarios/diarios.html,,2026-09-10T16:49:07,5065777ee7ebeb55
Guatemala,2026-09-09,MAGA,La Terminal,Ciudad de Guatemala,mayorista,pesca,,"Camarón pequeño, de primera con cabeza (estanque)","camaron pequeno, de primera con cabeza (estanque)",,de primera,pequeno,,Quintal,quintal,100.0,GTQ,2000.0,2000.0,,,2000.0,20.0,7.633975,261.9867,2.619867,https://precios.maga.gob.gt/diarios/diarios.html,,2026-09-10T16:49:07,22a7d393e3e8f298
Guatemala,2026-09-09,MAGA,La Terminal,Ciudad de Guatemala,mayorista,pesca,,"Camarón pequeño, de primera sin cabeza (estanque)","camaron pequeno, de primera sin cabeza (estanque)",,de primera,pequeno,,Quintal,quintal,100.0,GTQ,2850.0,2850.0,,,2850.0,28.5,7.633975,373.3311,3.733311,https://precios.maga.gob.gt/diarios/diarios.html,,2026-09-10T16:49:07,9574b63518e1b5d2
Guatemala,2026-09-09,MAGA,La Terminal,Ciudad de Guatemala,mayorista,pesca,,Cherna filete seco importado,cherna filete seco importado,,,,,Arroba,arroba,25.0,GTQ,750.0,750.0,,,750.0,30.0,7.633975,98.245,3.929801,https://precios.maga.gob.gt/diarios/diarios.html,,2026-09-10T16:49:07,db337865f7b9d0d0
Guatemala,2026-09-09,MAGA,La Terminal,Ciudad de Guatemala,mayorista,pesca,,"Corvina entera, revuelta, de primera","corvina entera, revuelta, de primera",,de primera,,,Quintal,quintal,100.0,GTQ,1100.0,1100.0,,,1100.0,11.0,7.633975,144.0927,1.440927,https://precios.maga.gob.gt/diarios/diarios.html,,2026-09-10T16:49:07,90791657806ab3f2
Guatemala,2026-09-09,MAGA,La Terminal,Ciudad de Guatemala,mayorista,pesca,,"Filete de corvina, de primera","filete de corvina, de primera",,de primera,,,Quintal,quintal,100.0,GTQ,4200.0,4200.0,,,4200.0,42.0,7.633975,550.1721,5.501721,https://precios.maga.gob.gt/diarios/diarios.html,,2026-09-10T16:49:07,dd45ce3334d27b69
Guatemala,2026-09-09,MAGA,La Terminal,Ciudad de Guatemala,mayorista,pesca,,"Filete de róbalo, de primera","filete de robalo, de primera",,de primera,,,Arroba,arroba,25.0,GTQ,2062.5,2062.5,,,2062.5,82.5,7.633975,270.1738,10.806952,https://precios.maga.gob.gt/diarios/diarios.html,,2026-09-10T16:49:07,3908053d4251afd6
Guatemala,2026-09-09,MAGA,La Terminal,Ciudad de Guatemala,mayorista,pesca,,"Filete de tiburón, de primera","filete de tiburon, de primera",,de primera,,,Quintal,quintal,100.0,GTQ,2450.0,2450.0,,,2450.0,24.5,7.633975,320.9337,3.209337,https://precios.maga.gob.gt/diarios/diarios.html,,2026-09-10T16:49:07,217090c2259e96ec
Guatemala,2026-09-09,MAGA,La Terminal,Ciudad de Guatemala,mayorista,pesca,,"Pargo entero, revuelto, de primera","pargo entero, revuelto, de primera",,de primera,,,Quintal,quintal,100.0,GTQ,3200.0,3200.0,,,3200.0,32.0,7.633975,419.1787,4.191787,https://precios.maga.gob.gt/diarios/diarios.html,,2026-09-10T16:49:07,f7c4061f168382d5
Guatemala,2026-09-09,MAGA,La Terminal,Ciudad de Guatemala,mayorista,pesca,,"Róbalo entero, revuelto","robalo entero, revuelto",,,,,Quintal,quintal,100.0,GTQ,4350.0,4350.0,,,4350.0,43.5,7.633975,569.8211,5.698211,https://precios.maga.gob.gt/diarios/diarios.html,,2026-09-10T16:49:07,6d1935041e06dcb4
Guatemala,2026-09-09,MAGA,La Terminal,Ciudad de Guatemala,mayorista,pesca,,Róbalo filete seco,robalo filete seco,,,,,Arroba,arroba,25.0,GTQ,1000.0,1000.0,,,1000.0,40.0,7.633975,130.9934,5.239734,https://precios.maga.gob.gt/diarios/diarios.html,,2026-09-10T16:49:07,4d5c6078379bf1b6
Guatemala,2026-09-09,MAGA,La Terminal,Ciudad de Guatemala,mayorista,pesca,,Sierra filete seco de primera,sierra filete seco de primera,,de primera,,,Arroba,arroba,25.0,GTQ,687.5,687.5,,,687.5,27.5,7.633975,90.0579,3.602317,https://precios.maga.gob.gt/diarios/diarios.html,,2026-09-10T16:49:07,5469315e752c01f1
Guatemala,2026-09-09,MAGA,La Terminal,Ciudad de Guatemala,mayorista,pesca,,"Tiburón entero, revuelto, de primera","tiburon entero, revuelto, de primera",,de primera,,,Quintal,quintal,100.0,GTQ,1600.0,1600.0,,,1600.0,16.0,7.633975,209.5894,2.095894,https://precios.maga.gob.gt/diarios/diarios.html,,2026-09-10T16:49:07,59bd0b9ca6c49f03
Guatemala,2026-09-09,MAGA,La Terminal,Ciudad de Guatemala,mayorista,pesca,,"Tiburón gris (Bacalao), filete seco de primera","tiburon gris (bacalao), filete seco de primera",,de primera,,,Arroba,arroba,25.0,GTQ,875.0,875.0,,,875.0,35.0,7.633975,114.6192,4.584767,https://precios.maga.gob.gt/diarios/diarios.html,,2026-09-10T16:49:07,9bba88e6aae8c294
Guatemala,2026-09-09,MAGA,La Terminal,Ciudad de Guatemala,mayorista,pesca,,"Tilapia grande, de primera","tilapia grande, de primera",,de primera,grande,,Quintal,quintal,100.0,GTQ,1150.0,1150.0,,,1150.0,11.5,7.633975,150.6424,1.506424,https://precios.maga.gob.gt/diarios/diarios.html,,2026-09-10T16:49:07,d40f314dee006e0c
Guatemala,2026-09-09,MAGA,La Terminal,Ciudad de Guatemala,mayorista,pesca,,"Tilapia mediana, de primera","tilapia mediana, de primera",,de primera,,,Quintal,quintal,100.0,GTQ,900.0,900.0,,,900.0,9.0,7.633975,117.894,1.17894,https://precios.maga.gob.gt/diarios/diarios.html,,2026-09-10T16:49:07,bd4b5d317fcdeedc
Guatemala,2026-09-09,MAGA,La Terminal,Ciudad de Guatemala,mayorista,pesca,,"Tilapia pequeña, de primera","tilapia pequena, de primera",,de primera,,,Quintal,quintal,100.0,GTQ,900.0,900.0,,,900.0,9.0,7.633975,117.894,1.17894,https://precios.maga.gob.gt/diarios/diarios.html,,2026-09-10T16:49:07,74a42b7e9e77f840
